"","term","statistic","df","p.value"
"1","(Intercept)",0.457056068638036,1,0.499003046860167
"2","species",14.8126080485581,1,0.000118738998904914
"3","soilType",2.10452942441037,1,0.14686351778683
"4","acidbrickRatioTreat",0.399422972091725,2,0.818967002403901
"5","species:soilType",4.10658182977695,1,0.0427166144534381
"6","species:acidbrickRatioTreat",8.60065118987715,2,0.0135641418772002
"7","soilType:acidbrickRatioTreat",1.18302362105204,2,0.553489880068676
